F_peak,nu_peak,Radius,Bfield,v_shock,Mdot,den,RuledOut
0.042169650342858,5,3.48265272761633E+016,0.40767573931087,2818.11970440355,0.990473153758751,4.09806672852593E-21,False
0.042169650342858,6.66760716081662,2.61162111355537E+016,0.543644335744074,2113.29164753791,1.32081717851969,9.71804768407328E-21,False
0.042169650342858,8.89139705019461,1.95843955002555E+016,0.724961373188916,1584.74516911933,1.7613380155255,2.30451227483775E-20,False
0.056234132519035,3.74947104666228,5.32256161112847E+016,0.29659032008972,4306.95131767828,0.699080067090536,1.23834650736848E-21,False
0.074989420933246,2.81170662595175,8.13450674527874E+016,0.215773982821785,6582.34269604127,0.493413615854896,3.74201342705643E-22,False
0.074989420933246,11.8568685283083,1.92899554042814E+016,0.909911340868058,1560.91943910463,2.08070796550063,2.80611420019391E-20,False
0.1,2.10848251714291,1.24320214256677E+017,0.156978864477748,10059.8386590271,0.348253380080245,1.13075495468765E-22,False
0.133352143216332,1.58113883008419,1.8999942045406E+017,0.114204518869525,15374.5191520522,0.245798682566112,3.41689518884611E-23,False
0.133352143216332,15.8113883008419,1.8999942045406E+016,1.14204518869525,1537.45191520522,2.45798682566112,3.41689518884611E-20,False
0.177827941003892,1.18568685283083,2.90377393481204E+017,0.083085529848947,23496.9811314725,0.173485731387058,1.03251130434222E-23,False
0.237137370566166,0.889139705019461,4.43785725469228E+017,0.060445990566862,35910.5944603855,0.122446950002701,3.1200242754724E-24,False
0.316227766016838,0.666760716081662,6.78240712092478E+017,0.043975380337006,54882.4032875858,0.086423566048282,9.4280338032121E-25,False
0.316227766016838,21.0848251714291,2.14478545206674E+016,1.39062362837122,1735.53397852684,2.73295312226569,2.98140606752099E-20,False
0.421696503428582,0.5,1.03655984665421E+018,0.031992760109461,83877.1464489112,0.060998111985125,2.84894646792617E-25,False
0.562341325190349,0.374947104666228,1.58418139244537E+018,0.023275221080014,128190.007634077,0.043052720870963,8.60889571094213E-26,False
0.562341325190349,28.1170662595175,2.11253983926024E+016,1.74539535088351,1709.44122569221,3.22849860771413,3.63034121968562E-20,False
0.749894209332456,0.281170662595174,2.42111508782701E+018,0.016933078436184,195913.651726738,0.030386789263986,2.60142077768933E-26,False
1,0.210848251714291,3.70020648926774E+018,0.012319072903336,299416.152953739,0.021447122112012,7.86092698740937E-27,False
0.001,0.05,5.91797776201365E+017,0.006044599056686,47887.5473546496,0.021774489001187,3.1200242754724E-25,True
0.001,0.066676071608166,4.43785725469228E+017,0.008060602390925,35910.5944603855,0.029036747757487,7.3987435278813E-25,True
0.001,0.088913970501946,3.32792345713777E+017,0.010748986044446,26929.1468395292,0.03872112545493,1.75451858569521E-24,True
0.001,0.118568685283083,2.49559052960926E+017,0.014334003264293,20194.0112772264,0.051635450671634,4.16061924021229E-24,True
0.001,0.158113883008419,1.8714288870189E+017,0.019114700561634,15143.3721199864,0.068856980130035,9.8663830655094E-24,True
0.001,0.210848251714291,1.40337368555296E+017,0.025489862868323,11355.9270625443,0.091822258757446,2.33968813715344E-23,True
0.001,0.281170662595174,1.05238180032571E+017,0.033991278437812,8515.74394580372,0.122446950002701,5.54827492789417E-23,True
0.001,0.374947104666228,7.89175018071115E+016,0.045328098303454,6385.90707311613,0.163285632131633,1.31570332757901E-22,True
0.001,0.5,5.91797776201365E+016,0.060445990566862,4788.75473546496,0.217744890011868,3.1200242754724E-22,True
0.001,0.666760716081662,4.43785725469228E+016,0.080606023909252,3591.05944603855,0.290367477574872,7.3987435278813E-22,True
0.001,0.889139705019461,3.32792345713777E+016,0.107489860444457,2692.91468395292,0.387211254549296,1.75451858569521E-21,True
0.001,1.18568685283083,2.49559052960926E+016,0.143340032642928,2019.40112772264,0.516354506716334,4.16061924021229E-21,True
0.001,1.58113883008419,1.8714288870189E+016,0.191147005616335,1514.33721199864,0.688569801300353,9.86638306550939E-21,True
0.001,2.10848251714291,1.40337368555296E+016,0.254898628683226,1135.59270625443,0.918222587574462,2.33968813715344E-20,True
0.001,2.81170662595175,1.05238180032571E+016,0.339912784378123,851.574394580372,1.22446950002701,5.54827492789418E-20,True
0.001,3.74947104666228,7891750180711148,0.453280983034538,638.590707311613,1.63285632131633,1.31570332757901E-19,True
0.001,5,5917977762013652,0.604459905668616,478.875473546496,2.17744890011868,3.1200242754724E-19,True
0.001,6.66760716081662,4437857254692284,0.806060239092521,359.105944603855,2.90367477574872,7.3987435278813E-19,True
0.001,8.89139705019461,3327923457137770,1.07489860444457,269.291468395292,3.87211254549296,1.75451858569521E-18,True
0.001,11.8568685283083,2495590529609260,1.43340032642928,201.940112772264,5.16354506716334,4.16061924021229E-18,True
0.001,15.8113883008419,1871428887018903,1.91147005616335,151.433721199864,6.88569801300353,9.8663830655094E-18,True
0.001,21.0848251714291,1403373685552960,2.54898628683226,113.559270625443,9.18222587574462,2.33968813715344E-17,True
0.001,28.1170662595175,1.05238180032571E+015,3.39912784378123,85.1574394580372,12.2446950002701,5.54827492789417E-17,True
0.001,37.4947104666228,789175018071115,4.53280983034538,63.8590707311613,16.3285632131633,1.31570332757901E-16,True
0.001,50,591797776201365,6.04459905668616,47.8875473546496,21.7744890011868,3.1200242754724E-16,True
0.001333521432163,0.05,6.78240712092478E+017,0.005864211216693,54882.4032875858,0.020494257207641,2.23573914570264E-25,True
0.001333521432163,0.066676071608166,5.08608782531671E+017,0.007820051340193,41155.9964196092,0.027329531222657,5.30177302283769E-25,True
0.001333521432163,0.088913970501946,3.8140278083613E+017,0.010428206062765,30862.6433943722,0.03644451561639,1.25724851397436E-24,True
0.001333521432163,0.118568685283083,2.8601173677231E+017,0.013906236283712,23143.7175661323,0.048599542659267,2.98140606752099E-24,True
0.001333521432163,0.158113883008419,2.14478545206674E+017,0.018544264125058,17355.3397852684,0.064808531729468,7.0700279544194E-24,True
0.001333521432163,0.210848251714291,1.60836219076534E+017,0.024729173654462,13014.66880597,0.086423566048282,1.6765678389403E-23,True
0.001333521432163,0.281170662595174,1.20610149336419E+017,0.032976883067913,9759.62477397664,0.115247677569367,3.97576888902102E-23,True
0.001333521432163,0.374947104666228,9.04448525741034E+016,0.043975380337006,7318.68610326266,0.153685248045799,9.4280338032121E-23,True
0.001333521432163,0.5,6.78240712092478E+016,0.058642112166931,5488.24032875858,0.20494257207641,2.23573914570264E-22,True
0.001333521432163,0.666760716081662,5.08608782531671E+016,0.078200513401928,4115.59964196092,0.273295312226569,5.3017730228377E-22,True
0.001333521432163,0.889139705019461,3.8140278083613E+016,0.104282060627647,3086.26433943722,0.364445156163897,1.25724851397436E-21,True
0.001333521432163,1.18568685283083,2.8601173677231E+016,0.139062362837122,2314.37175661323,0.485995426592666,2.981406067521E-21,True
0.001333521432163,1.58113883008419,2.14478545206674E+016,0.185442641250575,1735.53397852684,0.648085317294678,7.0700279544194E-21,True
0.001333521432163,2.10848251714291,1.60836219076534E+016,0.247291736544616,1301.466880597,0.864235660482821,1.6765678389403E-20,True
0.001333521432163,2.81170662595175,1.20610149336419E+016,0.329768830679132,975.962477397663,1.15247677569367,3.97576888902102E-20,True
0.001333521432163,3.74947104666228,9.04448525741034E+015,0.439753803370061,731.868610326266,1.53685248045799,9.4280338032121E-20,True
0.001333521432163,5,6782407120924781,0.586421121669312,548.824032875858,2.04942572076409,2.23573914570264E-19,True
0.001333521432163,6.66760716081662,5086087825316706,0.782005134019284,411.559964196092,2.73295312226569,5.3017730228377E-19,True
0.001333521432163,8.89139705019461,3814027808361301,1.04282060627647,308.626433943722,3.64445156163897,1.25724851397436E-18,True
0.001333521432163,11.8568685283083,2860117367723100,1.39062362837122,231.437175661323,4.85995426592666,2.98140606752099E-18,True
0.001333521432163,15.8113883008419,2.14478545206674E+015,1.85442641250575,173.553397852684,6.48085317294678,7.0700279544194E-18,True
0.001333521432163,21.0848251714291,1608362190765340,2.47291736544616,130.1466880597,8.64235660482821,1.6765678389403E-17,True
0.001333521432163,28.1170662595175,1206101493364190,3.29768830679132,97.5962477397664,11.5247677569367,3.97576888902102E-17,True
0.001333521432163,37.4947104666228,904448525741034,4.39753803370061,73.1868610326266,15.3685248045799,9.4280338032121E-17,True
0.001333521432163,50,678240712092478,5.86421121669312,54.8824032875858,20.494257207641,2.23573914570264E-16,True
0.001778279410039,0.05,7.77310226632532E+017,0.005689206657297,62898.9864173689,0.019289296684301,1.60208033216997E-25,True
0.001778279410039,0.066676071608166,5.82900437806635E+017,0.007586679009512,47167.5856872657,0.025722690539872,3.79913117406555E-25,True
0.001778279410039,0.088913970501946,4.37113662928549E+017,0.010116999058128,35370.699375073,0.034301759127825,9.00915977053854E-25,True
0.001778279410039,0.118568685283083,3.27789004650218E+017,0.013491235073189,26524.2826414063,0.045742130957858,2.13640845899599E-24,True
0.001778279410039,0.158113883008419,2.45807076470048E+017,0.017990851116451,19890.405959488,0.060998111985125,5.06622284421623E-24,True
0.001778279410039,0.210848251714291,1.84329303257829E+017,0.023991185546647,14915.7002502918,0.081342289653663,1.20139076397968E-23,True
0.001778279410039,0.281170662595174,1.38227477123332E+017,0.031992760109461,11185.1972458325,0.108471686594397,2.84894646792617E-23,True
0.001778279410039,0.374947104666228,1.03655984665421E+017,0.042663031280026,8387.71464489112,0.144649318856531,6.75591674287777E-23,True
0.001778279410039,0.5,7.77310226632532E+016,0.056892066572969,6289.89864173688,0.19289296684301,1.60208033216997E-22,True
0.001778279410039,0.666760716081662,5.82900437806635E+016,0.075866790095117,4716.75856872657,0.257226905398724,3.79913117406555E-22,True
0.001778279410039,0.889139705019461,4.37113662928549E+016,0.101169990581274,3537.0699375073,0.343017591278246,9.00915977053855E-22,True
0.001778279410039,1.18568685283083,3.27789004650217E+016,0.134912350731891,2652.42826414063,0.45742130957858,2.13640845899599E-21,True
0.001778279410039,1.58113883008419,2.45807076470048E+016,0.179908511164512,1989.0405959488,0.609981119851252,5.06622284421623E-21,True
0.001778279410039,2.10848251714291,1.84329303257829E+016,0.239911855466471,1491.57002502918,0.81342289653663,1.20139076397968E-20,True
0.001778279410039,2.81170662595175,1.38227477123332E+016,0.319927601094609,1118.51972458325,1.08471686594397,2.84894646792617E-20,True
0.001778279410039,3.74947104666228,1.03655984665421E+016,0.426630312800259,838.771464489112,1.44649318856531,6.75591674287777E-20,True
0.001778279410039,5,7773102266325319,0.568920665729689,628.989864173689,1.9289296684301,1.60208033216997E-19,True
0.001778279410039,6.66760716081662,5829004378066345,0.758667900951166,471.675856872657,2.57226905398724,3.79913117406555E-19,True
0.001778279410039,8.89139705019461,4.37113662928549E+015,1.01169990581274,353.70699375073,3.43017591278246,9.00915977053854E-19,True
0.001778279410039,11.8568685283083,3277890046502175,1.34912350731891,265.242826414063,4.5742130957858,2.13640845899599E-18,True
0.001778279410039,15.8113883008419,2458070764700475,1.79908511164512,198.90405959488,6.09981119851252,5.06622284421623E-18,True
0.001778279410039,21.0848251714291,1843293032578288,2.39911855466471,149.157002502918,8.1342289653663,1.20139076397968E-17,True
0.001778279410039,28.1170662595175,1382274771233320,3.19927601094609,111.851972458325,10.8471686594397,2.84894646792617E-17,True
0.001778279410039,37.4947104666228,1.03655984665421E+015,4.26630312800259,83.8771464489112,14.4649318856531,6.75591674287777E-17,True
0.001778279410039,50,777310226632532,5.68920665729689,62.8989864173689,19.289296684301,1.60208033216997E-16,True
0.002371373705662,0.05,8.90850663569624E+017,0.005519424726261,72086.5387691076,0.018155181854372,1.14801469378002E-25,True
0.002371373705662,0.066676071608166,6.68043753990837E+017,0.007360271165681,54057.2779937734,0.024210324107627,2.72237185854317E-25,True
0.002371373705662,0.088913970501946,5.00962142698444E+017,0.009815079345969,40537.2397398054,0.032284986077141,6.45576104238252E-25,True
0.002371373705662,0.118568685283083,3.75668609904343E+017,0.013088618666233,30398.6413432016,0.043052720870963,1.53090219859408E-24,True
0.002371373705662,0.158113883008419,2.8171171519524E+017,0.017453953508835,22795.7651148411,0.057411725994374,3.63034121968561E-24,True
0.002371373705662,0.210848251714291,2.11253983926024E+017,0.023275221080014,17094.4122569221,0.076559767070986,8.60889571094212E-24,True
0.002371373705662,0.281170662595174,1.58418139244537E+017,0.031038006148538,12819.0007634077,0.102094090230591,2.04149089237116E-23,True
0.002371373705662,0.374947104666228,1.18796845272701E+017,0.041389846410693,9612.89444190773,0.136144657419709,4.84113782251671E-23,True
0.002371373705662,0.5,8.90850663569624E+016,0.055194247262607,7208.65387691076,0.181551818543716,1.14801469378002E-22,True
0.002371373705662,0.666760716081662,6.68043753990837E+016,0.073602711656808,5405.72779937734,0.242103241076272,2.72237185854317E-22,True
0.002371373705662,0.889139705019461,5.00962142698444E+016,0.098150793459691,4053.72397398054,0.322849860771413,6.45576104238252E-22,True
0.002371373705662,1.18568685283083,3.75668609904343E+016,0.130886186662334,3039.86413432016,0.430527208709624,1.53090219859408E-21,True
0.002371373705662,1.58113883008419,2.8171171519524E+016,0.174539535088351,2279.57651148411,0.574117259943736,3.63034121968561E-21,True
0.002371373705662,2.10848251714291,2.11253983926024E+016,0.232752210800139,1709.44122569221,0.765597670709855,8.60889571094213E-21,True
0.002371373705662,2.81170662595175,1.58418139244537E+016,0.310380061485381,1281.90007634077,1.02094090230591,2.04149089237116E-20,True
0.002371373705662,3.74947104666228,1.18796845272701E+016,0.413898464106926,961.289444190773,1.36144657419709,4.84113782251671E-20,True
0.002371373705662,5,8908506635696239,0.551942472626068,720.865387691076,1.81551818543716,1.14801469378002E-19,True
0.002371373705662,6.66760716081662,6680437539908367,0.73602711656808,540.572779937734,2.42103241076272,2.72237185854317E-19,True
0.002371373705662,8.89139705019461,5009621426984441,0.981507934596908,405.372397398054,3.22849860771413,6.45576104238252E-19,True
0.002371373705662,11.8568685283083,3756686099043430,1.30886186662334,303.986413432016,4.30527208709624,1.53090219859408E-18,True
0.002371373705662,15.8113883008419,2817117151952398,1.74539535088351,227.957651148411,5.74117259943736,3.63034121968561E-18,True
0.002371373705662,21.0848251714291,2112539839260240,2.32752210800139,170.944122569221,7.65597670709855,8.60889571094213E-18,True
0.002371373705662,28.1170662595175,1584181392445370,3.10380061485381,128.190007634077,10.2094090230591,2.04149089237116E-17,True
0.002371373705662,37.4947104666228,1187968452727010,4.13898464106926,96.1289444190773,13.6144657419709,4.8411378225167E-17,True
0.002371373705662,50,890850663569624,5.51942472626068,72.0865387691076,18.1551818543716,1.14801469378002E-16,True
0.003162277660168,0.05,1.02097576693483E+018,0.005354709565662,82616.1019070905,0.01708774734299,8.22641480998483E-26,True
0.003162277660168,0.066676071608166,7.65623815493195E+017,0.007140619968821,61953.3364177472,0.022786877309269,1.95079037722637E-25,True
0.003162277660168,0.088913970501946,5.74136865765368E+017,0.009522169767356,46458.4482284942,0.030386789263986,4.62605300581239E-25,True
0.003162277660168,0.118568685283083,4.30541911001735E+017,0.012698017465467,34838.9213011195,0.040521434738155,1.09701004589806E-24,True
0.003162277660168,0.158113883008419,3.2286088593513E+017,0.016933078436184,26125.5053430987,0.054036201685338,2.60142077768934E-24,True
0.003162277660168,0.210848251714291,2.42111508782701E+017,0.022580623007154,19591.3651726738,0.072058433060098,6.16894082957438E-24,True
0.003162277660168,0.281170662595174,1.81558018448891E+017,0.03011174473164,14691.4512959056,0.096091464853747,1.46288640750353E-23,True
0.003162277660168,0.374947104666228,1.36149306692699E+017,0.040154656959473,11017.0342534894,0.12814002783044,3.46905036112371E-23,True
0.003162277660168,0.5,1.02097576693483E+017,0.053547095656624,8261.61019070905,0.170877473429896,8.22641480998484E-23,True
0.003162277660168,0.666760716081662,7.65623815493195E+016,0.071406199688208,6195.33364177472,0.227868773092685,1.95079037722636E-22,True
0.003162277660168,0.889139705019461,5.74136865765367E+016,0.095221697673559,4645.84482284942,0.303867892639857,4.62605300581239E-22,True
0.003162277660168,1.18568685283083,4.30541911001735E+016,0.126980174654667,3483.89213011195,0.405214347381554,1.09701004589806E-21,True
0.003162277660168,1.58113883008419,3.2286088593513E+016,0.169330784361841,2612.55053430987,0.540362016853377,2.60142077768933E-21,True
0.003162277660168,2.10848251714291,2.42111508782701E+016,0.225806230071541,1959.13651726738,0.720584330600977,6.16894082957438E-21,True
0.003162277660168,2.81170662595175,1.81558018448891E+016,0.301117447316402,1469.14512959056,0.960914648537465,1.46288640750353E-20,True
0.003162277660168,3.74947104666228,1.36149306692699E+016,0.401546569594733,1101.70342534894,1.2814002783044,3.46905036112371E-20,True
0.003162277660168,5,1.02097576693483E+016,0.535470956566238,826.161019070905,1.70877473429896,8.22641480998483E-20,True
0.003162277660168,6.66760716081662,7656238154931951,0.714061996882075,619.533364177473,2.27868773092685,1.95079037722636E-19,True
0.003162277660168,8.89139705019461,5741368657653675,0.952216976735588,464.584482284942,3.03867892639857,4.62605300581238E-19,True
0.003162277660168,11.8568685283083,4305419110017346,1.26980174654667,348.389213011195,4.05214347381554,1.09701004589806E-18,True
0.003162277660168,15.8113883008419,3228608859351303,1.69330784361841,261.255053430987,5.40362016853377,2.60142077768933E-18,True
0.003162277660168,21.0848251714291,2421115087827010,2.25806230071541,195.913651726738,7.20584330600977,6.16894082957438E-18,True
0.003162277660168,28.1170662595175,1815580184488913,3.01117447316402,146.914512959056,9.60914648537465,1.46288640750353E-17,True
0.003162277660168,37.4947104666228,1361493066926988,4.01546569594733,110.170342534894,12.814002783044,3.46905036112371E-17,True
0.003162277660168,50,1020975766934834,5.35470956566238,82.6161019070905,17.0877473429896,8.22641480998483E-17,True
0.004216965034286,0.05,1.17010803190215E+018,0.005194909968819,94683.7011579168,0.016083072678644,5.89486362784351E-26,True
0.004216965034286,0.066676071608166,8.77457237416815E+017,0.006927523781579,71002.7592164866,0.021447122112012,1.39789246055294E-25,True
0.004216965034286,0.088913970501946,6.58000101275724E+017,0.009238001434556,53244.5579830699,0.028600196994591,3.31492542429791E-25,True
0.004216965034286,0.118568685283083,4.93430465686835E+017,0.012319072903336,39927.7857099703,0.038138975656381,7.86092698740937E-25,True
0.004216965034286,0.158113883008419,3.70020648926774E+017,0.016427747740982,29941.6152953739,0.050859141438539,1.86411955600687E-24,True
0.004216965034286,0.210848251714291,2.77476341963626E+017,0.021906753694772,22453.043928061,0.067821755129717,4.42052409932436E-24,True
0.004216965034286,0.281170662595174,2.08077902065275E+017,0.029213125561101,16837.4076235402,0.090441764032411,1.04827146143815E-23,True
0.004216965034286,0.374947104666228,1.56036413848796E+017,0.038956329036206,12626.2744770629,0.120606030699878,2.48584338004994E-23,True
0.004216965034286,0.5,1.17010803190215E+017,0.051949099688187,9468.37011579168,0.160830726786435,5.89486362784352E-23,True
0.004216965034286,0.666760716081662,8.77457237416815E+016,0.069275237815787,7100.27592164866,0.214471221120116,1.39789246055294E-22,True
0.004216965034286,0.889139705019461,6.58000101275723E+016,0.092380014345563,5324.45579830699,0.286001969945913,3.31492542429791E-22,True
0.004216965034286,1.18568685283083,4.93430465686835E+016,0.123190729033364,3992.77857099703,0.381389756563807,7.86092698740938E-22,True
0.004216965034286,1.58113883008419,3.70020648926774E+016,0.164277477409815,2994.16152953739,0.508591414385389,1.86411955600687E-21,True
0.004216965034286,2.10848251714291,2.77476341963626E+016,0.219067536947715,2245.3043928061,0.678217551297174,4.42052409932436E-21,True
0.004216965034286,2.81170662595175,2.08077902065275E+016,0.292131255611009,1683.74076235402,0.90441764032411,1.04827146143815E-20,True
0.004216965034286,3.74947104666228,1.56036413848796E+016,0.389563290362062,1262.62744770629,1.20606030699878,2.48584338004994E-20,True
0.004216965034286,5,1.17010803190215E+016,0.519490996881874,946.837011579168,1.60830726786435,5.89486362784351E-20,True
0.004216965034286,6.66760716081662,8774572374168152,0.69275237815787,710.027592164866,2.14471221120116,1.39789246055294E-19,True
0.004216965034286,8.89139705019461,6580001012757236,0.923800143455631,532.445579830699,2.86001969945913,3.31492542429791E-19,True
0.004216965034286,11.8568685283083,4934304656868346,1.23190729033364,399.277857099703,3.81389756563806,7.86092698740937E-19,True
0.004216965034286,15.8113883008419,3700206489267740,1.64277477409815,299.416152953739,5.08591414385389,1.86411955600687E-18,True
0.004216965034286,21.0848251714291,2774763419636256,2.19067536947715,224.53043928061,6.78217551297174,4.42052409932437E-18,True
0.004216965034286,28.1170662595175,2080779020652750,2.92131255611009,168.374076235402,9.0441764032411,1.04827146143815E-17,True
0.004216965034286,37.4947104666228,1560364138487960,3.89563290362062,126.262744770629,12.0606030699878,2.48584338004994E-17,True
0.004216965034286,50,1170108031902150,5.19490996881874,94.6837011579168,16.0830726786435,5.89486362784351E-17,True
0.005623413251904,0.05,1.34102380356428E+018,0.005039879241479,108513.994947906,0.015137467894073,4.22412654765418E-26,True
0.005623413251904,0.066676071608166,1.00562598486984E+018,0.006720786984028,81374.016442966,0.02018613786543,1.00169826244945E-25,True
0.005623413251904,0.088913970501946,7.54113102808141E+017,0.008962313484205,61021.9037207042,0.026918647476155,2.37540092057958E-25,True
0.005623413251904,0.118568685283083,5.65505048977556E+017,0.011951437112954,45759.9722425987,0.035896593334301,5.63296328346691E-25,True
0.005623413251904,0.158113883008419,4.24068961576536E+017,0.015937497535276,34315.1382039387,0.047868876552942,1.3357861015371E-24,True
0.005623413251904,0.210848251714291,3.18006858643872E+017,0.021252994538341,25732.7234315766,0.063834172816929,3.16764803757336E-24,True
0.005623413251904,0.281170662595174,2.38471501825044E+017,0.028341323714528,19296.8202916929,0.085124237555792,7.51167726509222E-24,True
0.005623413251904,0.374947104666228,1.78828398309415E+017,0.037793762589202,14470.5737952695,0.11351499517721,1.78129939518562E-23,True
0.005623413251904,0.5,1.34102380356428E+017,0.050398792414793,10851.3994947906,0.151374678940726,4.22412654765418E-23,True
0.005623413251904,0.666760716081662,1.00562598486984E+017,0.067207869840277,8137.4016442966,0.201861378654301,1.00169826244945E-22,True
0.005623413251904,0.889139705019461,7.54113102808141E+016,0.089623134842052,6102.19037207042,0.269186474761546,2.37540092057958E-22,True
0.005623413251904,1.18568685283083,5.65505048977556E+016,0.119514371129539,4575.99722425987,0.358965933343013,5.63296328346692E-22,True
0.005623413251904,1.58113883008419,4.24068961576536E+016,0.159374975352762,3431.51382039387,0.478688765529419,1.3357861015371E-21,True
0.005623413251904,2.10848251714291,3.18006858643872E+016,0.21252994538341,2573.27234315766,0.638341728169285,3.16764803757336E-21,True
0.005623413251904,2.81170662595175,2.38471501825044E+016,0.283413237145278,1929.68202916929,0.851242375557917,7.51167726509223E-21,True
0.005623413251904,3.74947104666228,1.78828398309415E+016,0.377937625892015,1447.05737952695,1.1351499517721,1.78129939518561E-20,True
0.005623413251904,5,1.34102380356428E+016,0.503987924147927,1085.13994947906,1.51374678940726,4.22412654765418E-20,True
0.005623413251904,6.66760716081662,1.00562598486984E+016,0.672078698402764,813.74016442966,2.01861378654301,1.00169826244945E-19,True
0.005623413251904,8.89139705019461,7541131028081410,0.896231348420517,610.219037207042,2.69186474761546,2.37540092057958E-19,True
0.005623413251904,11.8568685283083,5655050489775559,1.19514371129539,457.599722425988,3.58965933343013,5.63296328346691E-19,True
0.005623413251904,15.8113883008419,4240689615765359,1.59374975352762,343.151382039387,4.7868876552942,1.3357861015371E-18,True
0.005623413251904,21.0848251714291,3180068586438720,2.1252994538341,257.327234315766,6.38341728169285,3.16764803757336E-18,True
0.005623413251904,28.1170662595175,2384715018250444,2.83413237145278,192.968202916929,8.51242375557916,7.51167726509222E-18,True
0.005623413251904,37.4947104666228,1788283983094150,3.77937625892015,144.705737952695,11.351499517721,1.78129939518561E-17,True
0.005623413251904,50,1341023803564280,5.03987924147927,108.513994947906,15.1374678940726,4.22412654765418E-17,True
0.007498942093325,0.05,1.53690496321318E+018,0.004889475067163,124364.45719327,0.014247459973762,3.02691397411076E-26,True
0.007498942093325,0.066676071608166,1.15251613220788E+018,0.00652021979409,93260.1862960075,0.018999293228901,7.17794420750608E-26,True
0.007498942093325,0.088913970501946,8.64265173704925E+017,0.008694852837834,69935.273664642,0.025335964716695,1.70215881543863E-25,True
0.007498942093325,0.118568685283083,6.48107449089033E+017,0.011594772608758,52444.0567491957,0.033786051954246,4.03645465779136E-25,True
0.007498942093325,0.158113883008419,4.86012023097095E+017,0.015461877774839,39327.4944701245,0.045054424389171,9.57194243958195E-25,True
0.007498942093325,0.210848251714291,3.64457601786463E+017,0.020618745394237,29491.4603707006,0.060081040536741,2.26986526133315E-24,True
0.007498942093325,0.281170662595174,2.73304645126863E+017,0.027495538887534,22115.475356746,0.080119355222418,5.38269879612025E-24,True
0.007498942093325,0.374947104666228,2.04949570764296E+017,0.036665890395407,16584.2669066584,0.106840877320201,1.27643903906162E-23,True
0.007498942093325,0.5,1.53690496321318E+017,0.048894750671626,12436.445719327,0.14247459973762,3.02691397411076E-23,True
0.007498942093325,0.666760716081662,1.15251613220788E+017,0.065202197940895,9326.01862960075,0.189992932289008,7.17794420750608E-23,True
0.007498942093325,0.889139705019461,8.64265173704925E+016,0.086948528378339,6993.5273664642,0.253359647166947,1.70215881543863E-22,True
0.007498942093325,1.18568685283083,6.48107449089033E+016,0.115947726087576,5244.40567491957,0.337860519542462,4.03645465779136E-22,True
0.007498942093325,1.58113883008419,4.86012023097095E+016,0.154618777748386,3932.74944701245,0.450544243891709,9.57194243958195E-22,True
0.007498942093325,2.10848251714291,3.64457601786463E+016,0.20618745394237,2949.14603707006,0.600810405367413,2.26986526133315E-21,True
0.007498942093325,2.81170662595175,2.73304645126863E+016,0.274955388875339,2211.5475356746,0.80119355222418,5.38269879612026E-21,True
0.007498942093325,3.74947104666228,2.04949570764296E+016,0.366658903954065,1658.42669066584,1.06840877320201,1.27643903906162E-20,True
0.007498942093325,5,1.53690496321318E+016,0.488947506716259,1243.6445719327,1.4247459973762,3.02691397411076E-20,True
0.007498942093325,6.66760716081662,1.15251613220788E+016,0.652021979408953,932.601862960075,1.89992932289008,7.17794420750608E-20,True
0.007498942093325,8.89139705019461,8642651737049255,0.869485283783392,699.35273664642,2.53359647166947,1.70215881543863E-19,True
0.007498942093325,11.8568685283083,6481074490890327,1.15947726087576,524.440567491957,3.37860519542462,4.03645465779136E-19,True
0.007498942093325,15.8113883008419,4860120230970950,1.54618777748386,393.274944701245,4.50544243891709,9.57194243958195E-19,True
0.007498942093325,21.0848251714291,3644576017864633,2.0618745394237,294.914603707006,6.00810405367413,2.26986526133315E-18,True
0.007498942093325,28.1170662595175,2733046451268630,2.74955388875339,221.15475356746,8.0119355222418,5.38269879612025E-18,True
0.007498942093325,37.4947104666228,2049495707642960,3.66658903954065,165.842669066584,10.6840877320201,1.27643903906162E-17,True
0.007498942093325,50,1536904963213182,4.8894750671626,124.36445719327,14.247459973762,3.02691397411076E-17,True
0.01,0.05,1.76139816435114E+018,0.004743559376512,142530.170605199,0.013409780098258,2.16901840020752E-26,True
0.01,0.066676071608166,1.32086228377574E+018,0.006325638093317,106882.549592006,0.017882229161624,5.14355320134843E-26,True
0.01,0.088913970501946,9.90506977929069E+017,0.008435373969547,80150.6050177343,0.023846335841882,1.21972868153495E-25,True
0.01,0.118568685283083,7.427754470524E+017,0.011248751976704,60104.4745772918,0.031799599923714,2.89243252343334E-25,True
0.01,0.158113883008419,5.57003006578921E+017,0.015000451846025,45071.997440481,0.042405448032491,6.85903843147041E-25,True
0.01,0.210848251714291,4.17693329214301E+017,0.020003424028808,33799.2298836639,0.056548573791815,1.62653433825117E-24,True
0.01,0.281170662595174,3.13225808854599E+017,0.026674994659066,25345.8467696561,0.075408735109655,3.8571207610846E-24,True
0.01,0.374947104666228,2.34886220273538E+017,0.035571677080707,19006.7037231928,0.100559164441051,9.1466747523977E-24,True
0.01,0.5,1.76139816435114E+017,0.047435593765115,14253.0170605199,0.134097800982578,2.16901840020752E-23,True
0.01,0.666760716081662,1.32086228377574E+017,0.063256380933174,10688.2549592006,0.17882229161624,5.14355320134843E-23,True
0.01,0.889139705019461,9.90506977929069E+016,0.084353739695475,8015.06050177343,0.238463358418816,1.21972868153495E-22,True
0.01,1.18568685283083,7.427754470524E+016,0.112487519767042,6010.44745772918,0.317995999237135,2.89243252343334E-22,True
0.01,1.58113883008419,5.57003006578921E+016,0.150004518460246,4507.1997440481,0.424054480324911,6.8590384314704E-22,True
0.01,2.10848251714291,4.176933292143E+016,0.200034240288077,3379.92298836639,0.56548573791815,1.62653433825117E-21,True
0.01,2.81170662595175,3.13225808854599E+016,0.266749946590659,2534.58467696561,0.754087351096546,3.8571207610846E-21,True
0.01,3.74947104666228,2.34886220273538E+016,0.355716770807065,1900.67037231928,1.00559164441051,9.1466747523977E-21,True
0.01,5,1.76139816435114E+016,0.47435593765115,1425.30170605199,1.34097800982578,2.16901840020752E-20,True
0.01,6.66760716081662,1.32086228377574E+016,0.632563809331738,1068.82549592006,1.7882229161624,5.14355320134843E-20,True
0.01,8.89139705019461,9.90506977929069E+015,0.843537396954748,801.506050177343,2.38463358418816,1.21972868153495E-19,True
0.01,11.8568685283083,7427754470523997,1.12487519767042,601.044745772918,3.17995999237135,2.89243252343334E-19,True
0.01,15.8113883008419,5570030065789206,1.50004518460246,450.71997440481,4.24054480324912,6.85903843147041E-19,True
0.01,21.0848251714291,4176933292143004,2.00034240288077,337.992298836639,5.6548573791815,1.62653433825117E-18,True
0.01,28.1170662595175,3132258088545990,2.66749946590659,253.458467696561,7.54087351096546,3.8571207610846E-18,True
0.01,37.4947104666228,2348862202735380,3.55716770807065,190.067037231928,10.0559164441051,9.1466747523977E-18,True
0.01,50,1761398164351140,4.7435593765115,142.530170605199,13.4097800982578,2.16901840020752E-17,True
0.013335214321633,0.05,2.0186827212095E+018,0.004601998220547,163349.320145197,0.012621351638453,1.55426974822465E-26,True
0.013335214321633,0.066676071608166,1.51379848311449E+018,0.006136863257877,122494.709275277,0.016830842912746,3.6857544124453E-26,True
0.013335214321633,0.088913970501946,1.13518871658381E+018,0.008183638680634,91858.073159393,0.022444289745522,8.7403010991992E-26,True
0.013335214321633,0.118568685283083,8.51271445065741E+017,0.010913057573706,68883.8371426659,0.029929941405336,2.07265202062066E-25,True
0.013335214321633,0.158113883008419,6.38363527224871E+017,0.01455279616497,51655.5905898851,0.039912218327409,4.91503250268634E-25,True
0.013335214321633,0.210848251714291,4.78705112514972E+017,0.019406465583892,38736.2282630029,0.053223798544781,1.16553788393428E-24,True
0.013335214321633,0.281170662595174,3.5897819185282E+017,0.025878937778659,29048.0732658061,0.070975076060609,2.76392589091427E-24,True
0.013335214321633,0.374947104666228,2.69195667347065E+017,0.034510118169463,21782.9819342929,0.094646785076244,6.55430118211158E-24,True
0.013335214321633,0.5,2.0186827212095E+017,0.046019982205468,16334.9320145197,0.126213516384527,1.55426974822465E-23,True
0.013335214321633,0.666760716081662,1.51379848311449E+017,0.061368632578766,12249.4709275277,0.168308429127464,3.6857544124453E-23,True
0.013335214321633,0.889139705019461,1.13518871658381E+017,0.081836386806341,9185.8073159393,0.224442897455215,8.7403010991992E-23,True
0.013335214321633,1.18568685283083,8.51271445065741E+016,0.109130575737064,6888.38371426659,0.299299414053364,2.07265202062066E-22,True
0.013335214321633,1.58113883008419,6.38363527224871E+016,0.145527961649698,5165.55905898851,0.399122183274085,4.91503250268634E-22,True
0.013335214321633,2.10848251714291,4.78705112514972E+016,0.194064655838914,3873.62282630029,0.532237985447811,1.16553788393428E-21,True
0.013335214321633,2.81170662595175,3.58978191852819E+016,0.258789377786592,2904.80732658061,0.709750760606087,2.76392589091428E-21,True
0.013335214321633,3.74947104666228,2.69195667347065E+016,0.345101181694631,2178.29819342929,0.946467850762438,6.55430118211158E-21,True
0.013335214321633,5,2.0186827212095E+016,0.46019982205468,1633.49320145198,1.26213516384527,1.55426974822465E-20,True
0.013335214321633,6.66760716081662,1.51379848311449E+016,0.613686325787664,1224.94709275277,1.68308429127464,3.68575441244529E-20,True
0.013335214321633,8.89139705019461,1.13518871658381E+016,0.818363868063414,918.58073159393,2.24442897455215,8.7403010991992E-20,True
0.013335214321633,11.8568685283083,8512714450657412,1.09130575737064,688.838371426659,2.99299414053364,2.07265202062066E-19,True
0.013335214321633,15.8113883008419,6383635272248710,1.45527961649698,516.555905898851,3.99122183274085,4.91503250268634E-19,True
0.013335214321633,21.0848251714291,4787051125149723,1.94064655838914,387.362282630029,5.32237985447811,1.16553788393428E-18,True
0.013335214321633,28.1170662595175,3589781918528190,2.58789377786592,290.480732658061,7.09750760606087,2.76392589091428E-18,True
0.013335214321633,37.4947104666228,2691956673470647,3.45101181694631,217.829819342929,9.46467850762438,6.55430118211158E-18,True
0.013335214321633,50,2.0186827212095E+015,4.6019982205468,163.349320145197,12.6213516384527,1.55426974822465E-17,True
0.017782794100389,0.05,2.3135484136325E+018,0.004464661647704,187209.488900485,0.011879278855749,1.11375470582231E-26,True
0.017782794100389,0.066676071608166,1.7349165583933E+018,0.00595372199457,140387.311658562,0.015841272952785,2.64112862394397E-26,True
0.017782794100389,0.088913970501946,1.30100388081413E+018,0.007939415880902,105275.632076506,0.021124676995289,6.26310297209108E-26,True
0.017782794100389,0.118568685283083,9.7561527654157E+017,0.010587381236041,78945.5868779863,0.028170209520745,1.48521577038681E-25,True
0.017782794100389,0.158113883008419,7.31608246414806E+017,0.014118499788744,59200.8384521542,0.037565578144445,3.52200162512931E-25,True
0.017782794100389,0.210848251714291,5.48628787486335E+017,0.018827322058283,44394.3659428967,0.050094503567223,8.35198204512926E-25,True
0.017782794100389,0.281170662595174,4.11413550809089E+017,0.025106637474962,33291.0779475642,0.066802094140474,1.98056706119778E-24,True
0.017782794100389,0.374947104666228,3.0851663939264E+017,0.033480239162417,24964.7865753138,0.089082024249714,4.69666465122399E-24,True
0.017782794100389,0.5,2.3135484136325E+017,0.044646616477037,18720.9488900485,0.118792788557486,1.11375470582232E-23,True
0.017782794100389,0.666760716081662,1.7349165583933E+017,0.059537219945704,14038.7311658562,0.158412729527854,2.64112862394397E-23,True
0.017782794100389,0.889139705019461,1.30100388081413E+017,0.079394158809018,10527.5632076506,0.211246769952885,6.26310297209108E-23,True
0.017782794100389,1.18568685283083,9.7561527654157E+016,0.105873812360405,7894.55868779863,0.281702095207448,1.48521577038682E-22,True
0.017782794100389,1.58113883008419,7.31608246414806E+016,0.141184997887438,5920.08384521542,0.375655781444445,3.52200162512931E-22,True
0.017782794100389,2.10848251714291,5.48628787486335E+016,0.188273220582832,4439.43659428967,0.500945035672229,8.35198204512927E-22,True
0.017782794100389,2.81170662595175,4.11413550809089E+016,0.251066374749619,3329.10779475642,0.668020941404738,1.98056706119778E-21,True
0.017782794100389,3.74947104666228,3.0851663939264E+016,0.334802391624166,2496.47865753138,0.890820242497138,4.69666465122399E-21,True
0.017782794100389,5,2.3135484136325E+016,0.446466164770364,1872.09488900485,1.18792788557486,1.11375470582231E-20,True
0.017782794100389,6.66760716081662,1.7349165583933E+016,0.595372199457043,1403.87311658562,1.58412729527854,2.64112862394397E-20,True
0.017782794100389,8.89139705019461,1.30100388081413E+016,0.793941588090184,1052.75632076506,2.11246769952885,6.26310297209108E-20,True
0.017782794100389,11.8568685283083,9.7561527654157E+015,1.05873812360405,789.455868779863,2.81702095207448,1.48521577038681E-19,True
0.017782794100389,15.8113883008419,7316082464148057,1.41184997887438,592.008384521542,3.75655781444445,3.52200162512931E-19,True
0.017782794100389,21.0848251714291,5486287874863353,1.88273220582832,443.943659428967,5.00945035672229,8.35198204512927E-19,True
0.017782794100389,28.1170662595175,4114135508090893,2.51066374749619,332.910779475642,6.68020941404738,1.98056706119778E-18,True
0.017782794100389,37.4947104666228,3085166393926402,3.34802391624166,249.647865753138,8.90820242497138,4.69666465122399E-18,True
0.017782794100389,50,2313548413632503,4.46466164770364,187.209488900485,11.8792788557486,1.11375470582231E-17,True
0.023713737056617,0.05,2.65148465679367E+018,0.004331423584537,214554.873587645,0.011180836266593,7.98091545021862E-27,True
0.023713737056617,0.066676071608166,1.98833299026342E+018,0.005776046181758,160893.457287432,0.014909884791011,1.89257330457573E-26,True
0.023713737056617,0.088913970501946,1.49103939562323E+018,0.00770248137654,120653.071939324,0.019882650919899,4.48799857050807E-26,True
0.023713737056617,0.118568685283083,1.11812180866442E+018,0.010271423996455,90477.0399854714,0.026513941129907,1.06427218011499E-25,True
0.023713737056617,0.158113883008419,8.38473069645783E+017,0.013697164038109,67848.2083626461,0.035356908747848,2.5237870635919E-25,True
0.023713737056617,0.210848251714291,6.28766099608582E+017,0.018265461804675,50878.9785647302,0.047149195590298,5.98484228129087E-25,True
0.023713737056617,0.281170662595174,4.7150805712103E+017,0.024357384784895,38153.8514024413,0.062874462828923,1.41922976183853E-24,True
0.023713737056617,0.374947104666228,3.53581161688657E+017,0.032481094642107,28611.3522304218,0.083844443718125,3.36552413951634E-24,True
0.023713737056617,0.5,2.65148465679367E+017,0.043314235845375,21455.4873587645,0.111808362665931,7.98091545021862E-24,True
0.023713737056617,0.666760716081662,1.98833299026342E+017,0.057760461817584,16089.3457287432,0.149098847910109,1.89257330457573E-23,True
0.023713737056617,0.889139705019461,1.49103939562323E+017,0.077024813765399,12065.3071939324,0.19882650919899,4.48799857050807E-23,True
0.023713737056617,1.18568685283083,1.11812180866442E+017,0.102714239964549,9047.70399854714,0.265139411299072,1.06427218011499E-22,True
0.023713737056617,1.58113883008419,8.38473069645783E+016,0.136971640381092,6784.82083626461,0.353569087478479,2.5237870635919E-22,True
0.023713737056617,2.10848251714291,6.28766099608582E+016,0.182654618046754,5087.89785647302,0.471491955902981,5.98484228129087E-22,True
0.023713737056617,2.81170662595175,4.71508057121029E+016,0.243573847848952,3815.38514024413,0.62874462828923,1.41922976183853E-21,True
0.023713737056617,3.74947104666228,3.53581161688657E+016,0.324810946421066,2861.13522304218,0.83844443718125,3.36552413951634E-21,True
0.023713737056617,5,2.65148465679367E+016,0.433142358453745,2145.54873587645,1.11808362665931,7.98091545021862E-21,True
0.023713737056617,6.66760716081662,1.98833299026342E+016,0.577604618175838,1608.93457287432,1.49098847910109,1.89257330457573E-20,True
0.023713737056617,8.89139705019461,1.49103939562323E+016,0.770248137653994,1206.53071939324,1.9882650919899,4.48799857050807E-20,True
0.023713737056617,11.8568685283083,1.11812180866442E+016,1.02714239964549,904.770399854714,2.65139411299072,1.06427218011499E-19,True
0.023713737056617,15.8113883008419,8384730696457830,1.36971640381092,678.482083626461,3.53569087478479,2.5237870635919E-19,True
0.023713737056617,21.0848251714291,6287660996085817,1.82654618046754,508.789785647302,4.71491955902981,5.98484228129087E-19,True
0.023713737056617,28.1170662595175,4715080571210295,2.43573847848952,381.538514024413,6.2874462828923,1.41922976183853E-18,True
0.023713737056617,37.4947104666228,3535811616886569,3.24810946421066,286.113522304218,8.3844443718125,3.36552413951634E-18,True
0.023713737056617,50,2651484656793670,4.33142358453745,214.554873587645,11.1808362665931,7.98091545021862E-18,True
0.031622776601684,0.05,3.03878269578713E+018,0.00420216171999,245894.554013129,0.010523458632328,5.71894431426985E-27,True
0.031622776601684,0.066676071608166,2.27876554699044E+018,0.005603672715023,184394.902160832,0.014033257626694,1.35617541710028E-26,True
0.031622776601684,0.088913970501946,1.70883308811444E+018,0.007472617664312,138276.669360833,0.018713649808266,3.21599872437632E-26,True
0.031622776601684,0.118568685283083,1.28144403749272E+018,0.009964895809722,103692.873639467,0.024955053093322,7.62633481242744E-26,True
0.031622776601684,0.158113883008419,9.6094746329939E+017,0.013288402131539,77758.6854912784,0.033278098140718,1.80848898447625E-25,True
0.031622776601684,0.210848251714291,7.20608938200925E+017,0.017720369041612,58310.7879752133,0.044377057092282,4.28860322476573E-25,True
0.031622776601684,0.281170662595174,5.40380469950083E+017,0.023630491902833,43726.9222442251,0.059177756728894,1.01698809212252E-24,True
0.031622776601684,0.374947104666228,4.05228185251919E+017,0.031511767404989,32790.5657828749,0.078914806905327,2.41165882063037E-24,True
0.031622776601684,0.5,3.03878269578713E+017,0.042021617199899,24589.4554013129,0.105234586323284,5.71894431426986E-24,True
0.031622776601684,0.666760716081662,2.27876554699044E+017,0.056036727150228,18439.4902160832,0.140332576266941,1.35617541710028E-23,True
0.031622776601684,0.889139705019461,1.70883308811444E+017,0.074726176643118,13827.6669360833,0.18713649808266,3.21599872437632E-23,True
0.031622776601684,1.18568685283083,1.28144403749272E+017,0.09964895809722,10369.2873639467,0.249550530933217,7.62633481242744E-23,True
0.031622776601684,1.58113883008419,9.6094746329939E+016,0.132884021315388,7775.86854912784,0.332780981407182,1.80848898447625E-22,True
0.031622776601684,2.10848251714291,7.20608938200925E+016,0.177203690416118,5831.07879752133,0.443770570922822,4.28860322476574E-22,True
0.031622776601684,2.81170662595175,5.40380469950083E+016,0.236304919028328,4372.69222442251,0.591777567288937,1.01698809212253E-21,True
0.031622776601684,3.74947104666228,4.05228185251919E+016,0.315117674049894,3279.05657828749,0.789148069053271,2.41165882063037E-21,True
0.031622776601684,5,3.03878269578713E+016,0.42021617199899,2458.94554013129,1.05234586323284,5.71894431426985E-21,True
0.031622776601684,6.66760716081662,2.27876554699044E+016,0.560367271502283,1843.94902160832,1.40332576266941,1.35617541710028E-20,True
0.031622776601684,8.89139705019461,1.70883308811444E+016,0.747261766431178,1382.76669360833,1.8713649808266,3.21599872437632E-20,True
0.031622776601684,11.8568685283083,1.28144403749272E+016,0.9964895809722,1036.92873639467,2.49550530933217,7.62633481242743E-20,True
0.031622776601684,15.8113883008419,9.6094746329939E+015,1.32884021315388,777.586854912784,3.32780981407182,1.80848898447625E-19,True
0.031622776601684,21.0848251714291,7206089382009249,1.77203690416118,583.107879752133,4.43770570922822,4.28860322476574E-19,True
0.031622776601684,28.1170662595175,5403804699500831,2.36304919028328,437.269222442251,5.91777567288937,1.01698809212252E-18,True
0.031622776601684,37.4947104666228,4052281852519190,3.15117674049894,327.905657828749,7.89148069053271,2.41165882063037E-18,True
0.031622776601684,50,3038782695787134,4.2021617199899,245.894554013129,10.5234586323284,5.71894431426985E-18,True
0.042169650342858,0.05,3.48265272761633E+018,0.004076757393109,281811.970440355,0.009904731537588,4.09806672852593E-27,True
0.042169650342858,0.066676071608166,2.61162111355537E+018,0.005436443357441,211329.164753791,0.013208171785197,9.71804768407328E-27,True
0.042169650342858,0.088913970501946,1.95843955002555E+018,0.007249613731889,158474.516911932,0.017613380155255,2.30451227483775E-26,True
0.042169650342858,0.118568685283083,1.46862247789182E+018,0.00966751528638,118839.122559016,0.023487819929873,5.46485981292477E-26,True
0.042169650342858,0.158113883008419,1.10131149186656E+018,0.012891838830154,89116.7698491565,0.031321511271278,1.29592248654969E-25,True
0.042169650342858,0.210848251714291,8.25867110422022E+017,0.017191543380006,66828.1496642956,0.041767906567995,3.0731165091796E-25,True
0.042169650342858,0.281170662595174,6.19312963783602E+017,0.022925291549203,50114.042453658,0.055698398585016,7.28750768430323E-25,True
0.042169650342858,0.374947104666228,4.64419205305844E+017,0.030571367619455,37580.230242239,0.074275008250294,1.7281404102364E-24,True
0.042169650342858,0.5,3.48265272761633E+017,0.040767573931087,28181.1970440355,0.099047315375875,4.09806672852594E-24,True
0.042169650342858,0.666760716081662,2.61162111355537E+017,0.054364433574407,21132.9164753791,0.132081717851969,9.71804768407328E-24,True
0.042169650342858,0.889139705019461,1.95843955002555E+017,0.072496137318892,15847.4516911932,0.17613380155255,2.30451227483775E-23,True
0.042169650342858,1.18568685283083,1.46862247789182E+017,0.096675152863797,11883.9122559017,0.234878199298728,5.46485981292477E-23,True
0.042169650342858,1.58113883008419,1.10131149186656E+017,0.128918388301539,8911.67698491565,0.313215112712782,1.29592248654969E-22,True
0.042169650342858,2.10848251714291,8.25867110422022E+016,0.171915433800056,6682.81496642956,0.417679065679946,3.0731165091796E-22,True
0.042169650342858,2.81170662595175,6.19312963783602E+016,0.22925291549203,5011.4042453658,0.55698398585016,7.28750768430324E-22,True
0.042169650342858,3.74947104666228,4.64419205305844E+016,0.30571367619455,3758.0230242239,0.742750082502942,1.7281404102364E-21,True
0.042169650342858,11.8568685283083,1.46862247789182E+016,0.966751528637974,1188.39122559017,2.34878199298727,5.46485981292477E-20,True
0.042169650342858,15.8113883008419,1.10131149186656E+016,1.28918388301539,891.167698491565,3.13215112712782,1.29592248654969E-19,True
0.042169650342858,21.0848251714291,8258671104220216,1.71915433800056,668.281496642956,4.17679065679946,3.0731165091796E-19,True
0.042169650342858,28.1170662595175,6193129637836019,2.2925291549203,501.14042453658,5.5698398585016,7.28750768430324E-19,True
0.042169650342858,37.4947104666228,4644192053058440,3.0571367619455,375.80230242239,7.42750082502942,1.7281404102364E-18,True
0.042169650342858,50,3482652727616334,4.0767573931087,281.811970440355,9.90473153758751,4.09806672852593E-18,True
0.056234132519035,0.05,3.99135813100047E+018,0.003955095484118,322975.785300373,0.009322382522634,2.93658234607157E-27,True
0.056234132519035,0.066676071608166,2.99309634980926E+018,0.005274204594324,242197.671151352,0.012431596892757,6.96373415998434E-27,True
0.056234132519035,0.088913970501946,2.24450562069608E+018,0.007033264864145,181622.631110206,0.016577800892507,1.65136160802047E-26,True
0.056234132519035,0.118568685283083,1.68314176777414E+018,0.009379009434419,136197.759353268,0.022106852788294,3.9159954957989E-26,True
0.056234132519035,0.158113883008419,1.26217826513942E+018,0.01250711009326,102133.911063071,0.02947996199087,9.28628875022698E-26,True
0.056234132519035,0.210848251714291,9.46500172173336E+017,0.016678499363788,76589.628482673,0.039312161134185,2.20212609654699E-25,True
0.056234132519035,0.281170662595174,7.09774998244957E+017,0.022241136357934,57434.1188940806,0.052423609417094,5.22206392190287E-25,True
0.056234132519035,0.374947104666228,5.32256161112847E+017,0.029659032008972,43069.5131767828,0.069908006709054,1.23834650736849E-24,True
0.056234132519035,0.5,3.99135813100047E+017,0.039550954841182,32297.5785300373,0.09322382522634,2.93658234607157E-24,True
0.056234132519035,0.666760716081662,2.99309634980926E+017,0.05274204594324,24219.7671151352,0.124315968927573,6.96373415998434E-24,True
0.056234132519035,0.889139705019461,2.24450562069608E+017,0.070332648641454,18162.2631110206,0.165778008925068,1.65136160802047E-23,True
0.056234132519035,1.18568685283083,1.68314176777414E+017,0.093790094344191,13619.7759353268,0.221068527882941,3.9159954957989E-23,True
0.056234132519035,1.58113883008419,1.26217826513942E+017,0.125071100932599,10213.3911063071,0.294799619908698,9.28628875022698E-23,True
0.056234132519035,2.10848251714291,9.46500172173336E+016,0.166784993637883,7658.96284826729,0.39312161134185,2.20212609654699E-22,True
0.056234132519035,2.81170662595175,7.09774998244957E+016,0.22241136357934,5743.41188940806,0.524236094170938,5.22206392190287E-22,True
0.056234132519035,5,3.99135813100047E+016,0.395509548411822,3229.75785300373,0.932238252263404,2.93658234607157E-21,True
0.056234132519035,6.66760716081662,2.99309634980926E+016,0.527420459432402,2421.97671151352,1.24315968927573,6.96373415998434E-21,True
0.056234132519035,8.89139705019461,2.24450562069608E+016,0.703326486414535,1816.22631110206,1.65778008925068,1.65136160802047E-20,True
0.056234132519035,11.8568685283083,1.68314176777414E+016,0.937900943441909,1361.97759353268,2.21068527882941,3.91599549579889E-20,True
0.056234132519035,15.8113883008419,1.26217826513942E+016,1.25071100932599,1021.33911063071,2.94799619908698,9.28628875022698E-20,True
0.056234132519035,21.0848251714291,9.46500172173336E+015,1.66784993637883,765.896284826729,3.9312161134185,2.20212609654699E-19,True
0.056234132519035,28.1170662595175,7097749982449566,2.2241136357934,574.341188940806,5.24236094170938,5.22206392190287E-19,True
0.056234132519035,37.4947104666228,5322561611128470,2.9659032008972,430.695131767828,6.99080067090536,1.23834650736849E-18,True
0.056234132519035,50,3991358131000470,3.95509548411822,322.975785300373,9.32238252263404,2.93658234607157E-18,True
0.074989420933246,0.05,4.57436930290988E+018,0.003837064308741,370152.331454886,0.008774272737076,2.10428878945099E-27,True
0.074989420933246,0.066676071608166,3.43029305160026E+018,0.005116807492295,277575.089928927,0.011700680746538,4.99005510442268E-27,True
0.074989420933246,0.088913970501946,2.5723568957084E+018,0.006823372455229,208151.952592638,0.015603108546408,1.18332854644307E-26,True
0.074989420933246,0.118568685283083,1.92899554042814E+018,0.009099113408681,156091.943910463,0.020807079655006,2.80611420019392E-26,True
0.074989420933246,0.158113883008419,1.44654258559519E+018,0.01213386274416,117052.444861903,0.027746686660681,6.65434542942364E-26,True
0.074989420933246,0.210848251714291,1.08475390849063E+018,0.016180766024266,87776.9505901475,0.037000801333538,1.5779939779725E-25,True
0.074989420933246,0.281170662595174,8.13450674527874E+017,0.021577398282179,65823.4269604127,0.04934136158549,3.74201342705643E-25,True
0.074989420933246,0.374947104666228,6.10001950406033E+017,0.028773923059609,49360.6067160313,0.065797763166371,8.87371224715448E-25,True
0.074989420933246,0.5,4.57436930290988E+017,0.038370643087407,37015.2331454886,0.087742727370762,2.10428878945099E-24,True
0.074989420933246,0.666760716081662,3.43029305160026E+017,0.051168074922947,27757.5089928927,0.117006807465374,4.99005510442268E-24,True
0.074989420933246,0.889139705019461,2.5723568957084E+017,0.068233724552289,20815.1952592638,0.156031085464084,1.18332854644307E-23,True
0.074989420933246,1.18568685283083,1.92899554042814E+017,0.090991134086806,15609.1943910463,0.208070796550063,2.80611420019391E-23,True
0.074989420933246,1.58113883008419,1.44654258559519E+017,0.121338627441602,11705.2444861903,0.277466866606804,6.65434542942364E-23,True
0.074989420933246,2.10848251714291,1.08475390849063E+017,0.161807660242658,8777.69505901475,0.370008013335376,1.5779939779725E-22,True
0.074989420933246,3.74947104666228,6.10001950406033E+016,0.287739230596092,4936.06067160313,0.657977631663706,8.87371224715447E-22,True
0.074989420933246,5,4.57436930290988E+016,0.383706430874073,3701.52331454886,0.877427273707617,2.10428878945099E-21,True
0.074989420933246,6.66760716081662,3.43029305160026E+016,0.511680749229471,2775.75089928927,1.17006807465374,4.99005510442268E-21,True
0.074989420933246,8.89139705019461,2.5723568957084E+016,0.682337245522887,2081.51952592638,1.56031085464084,1.18332854644307E-20,True
0.074989420933246,15.8113883008419,1.44654258559519E+016,1.21338627441602,1170.52444861903,2.77466866606804,6.65434542942363E-20,True
0.074989420933246,21.0848251714291,1.08475390849063E+016,1.61807660242658,877.769505901475,3.70008013335376,1.5779939779725E-19,True
0.074989420933246,28.1170662595175,8134506745278743,2.15773982821785,658.234269604127,4.93413615854896,3.74201342705643E-19,True
0.074989420933246,37.4947104666228,6100019504060333,2.87739230596091,493.606067160314,6.57977631663706,8.87371224715447E-19,True
0.074989420933246,50,4574369302909882,3.83706430874073,370.152331454886,8.77427273707617,2.10428878945099E-18,True
0.1,0.05,5.24253996575328E+018,0.003722555515672,424219.878756743,0.008258389084301,1.50788596660085E-27,True
0.1,0.066676071608166,3.93135036251235E+018,0.004964107562566,318120.030563398,0.011012738839059,3.57576113233346E-27,True
0.1,0.088913970501946,2.94809687170507E+018,0.006619743826246,238556.368792156,0.014685723268703,8.47946592694252E-27,True
0.1,0.118568685283083,2.21076077264276E+018,0.008827570267729,178892.039556615,0.019583726725634,2.01079825372054E-26,True
0.1,0.158113883008419,1.65783670162415E+018,0.011771754145945,134150.104559179,0.026115319310263,4.76835410626327E-26,True
0.1,0.210848251714291,1.24320214256677E+018,0.015697886447775,100598.386590271,0.034825338008025,1.13075495468765E-25,True
0.1,0.281170662595174,9.32270087740521E+017,0.020933468017774,75438.1475722324,0.046440334616033,2.68144256709293E-25,True
0.1,0.374947104666228,6.99103940330477E+017,0.027915228251207,56570.6300271843,0.061929181527316,6.35870239684606E-25,True
0.1,0.5,5.24253996575328E+017,0.037225555156716,42421.9878756743,0.082583890843009,1.50788596660085E-24,True
0.1,0.666760716081662,3.93135036251235E+017,0.049641075625658,31812.0030563398,0.110127388390589,3.57576113233346E-24,True
0.1,0.889139705019461,2.94809687170507E+017,0.066197438262456,23855.6368792156,0.146857232687024,8.47946592694252E-24,True
0.1,1.18568685283083,2.21076077264276E+017,0.088275702677293,17889.2039556615,0.195837267256343,2.01079825372054E-23,True
0.1,1.58113883008419,1.65783670162415E+017,0.117717541459448,13415.0104559179,0.26115319310263,4.76835410626326E-23,True
0.1,2.81170662595175,9.32270087740521E+016,0.209334680177739,7543.81475722323,0.464403346160326,2.68144256709293E-22,True
0.1,3.74947104666228,6.99103940330477E+016,0.27915228251207,5657.06300271843,0.619291815273158,6.35870239684606E-22,True
0.1,5,5.24253996575328E+016,0.372255551567156,4242.19878756743,0.825838908430086,1.50788596660085E-21,True
0.1,6.66760716081662,3.93135036251235E+016,0.496410756256582,3181.20030563398,1.10127388390589,3.57576113233346E-21,True
0.1,8.89139705019461,2.94809687170507E+016,0.661974382624557,2385.56368792156,1.46857232687024,8.47946592694251E-21,True
0.1,11.8568685283083,2.21076077264276E+016,0.882757026772931,1788.92039556615,1.95837267256343,2.01079825372054E-20,True
0.1,15.8113883008419,1.65783670162415E+016,1.17717541459448,1341.50104559179,2.6115319310263,4.76835410626327E-20,True
0.1,21.0848251714291,1.24320214256677E+016,1.56978864477748,1005.98386590271,3.48253380080245,1.13075495468765E-19,True
0.1,28.1170662595175,9.32270087740521E+015,2.09334680177739,754.381475722323,4.64403346160326,2.68144256709293E-19,True
0.1,37.4947104666228,6991039403304774,2.7915228251207,565.706300271843,6.19291815273158,6.35870239684606E-19,True
0.1,50,5242539965753277,3.72255551567156,424.219878756743,8.25838908430086,1.50788596660085E-18,True
0.133352143216332,0.05,6.00830922746812E+018,0.003611463987114,486184.984503654,0.007772836827776,1.08051713228249E-27,True
0.133352143216332,0.066676071608166,4.50559629755711E+018,0.004815964628302,364587.30454368,0.010365244498548,2.56230991601163E-27,True
0.133352143216332,0.088913970501946,3.37872057312783E+018,0.006422192048382,273401.908473434,0.013822275688427,6.0761943605861E-27,True
0.133352143216332,0.118568685283083,2.53368299274099E+018,0.008564130737986,205022.50798467,0.018432300871787,1.44089275371835E-26,True
0.133352143216332,0.158113883008419,1.8999942045406E+018,0.011420451886953,153745.191520522,0.024579868256611,3.41689518884611E-26,True
0.133352143216332,0.210848251714291,1.42479465175022E+018,0.015229417356241,115292.628833949,0.032777781119942,8.10273540583149E-26,True
0.133352143216332,0.281170662595174,1.06844525883534E+018,0.020308754443908,86457.2747412941,0.043709873622201,1.92146136853225E-25,True
0.133352143216332,0.374947104666228,8.01220912589341E+017,0.027082159311493,64833.8096831617,0.058288053272356,4.55650296578204E-25,True
0.133352143216332,0.5,6.00830922746812E+017,0.036114639871138,48618.4984503654,0.077728368277764,1.08051713228249E-24,True
0.133352143216332,0.666760716081662,4.50559629755711E+017,0.048159646283023,36458.730454368,0.103652444985482,2.56230991601163E-24,True
0.133352143216332,0.889139705019461,3.37872057312783E+017,0.064221920483815,27340.1908473434,0.138222756884269,6.0761943605861E-24,True
0.133352143216332,1.18568685283083,2.53368299274099E+017,0.085641307379856,20502.250798467,0.184323008717874,1.44089275371835E-23,True
0.133352143216332,2.10848251714291,1.42479465175022E+017,0.152294173562413,11529.2628833948,0.32777781119942,8.10273540583149E-23,True
0.133352143216332,2.81170662595175,1.06844525883534E+017,0.203087544439079,8645.72747412941,0.437098736222011,1.92146136853225E-22,True
0.133352143216332,3.74947104666228,8.01220912589341E+016,0.270821593114933,6483.38096831617,0.582880532723554,4.55650296578204E-22,True
0.133352143216332,5,6.00830922746812E+016,0.361146398711378,4861.84984503654,0.777283682777636,1.08051713228249E-21,True
0.133352143216332,6.66760716081662,4.50559629755711E+016,0.481596462830224,3645.8730454368,1.03652444985482,2.56230991601163E-21,True
0.133352143216332,8.89139705019461,3.37872057312783E+016,0.642219204838152,2734.01908473434,1.38222756884269,6.0761943605861E-21,True
0.133352143216332,11.8568685283083,2.53368299274099E+016,0.856413073798563,2050.2250798467,1.84323008717874,1.44089275371835E-20,True
0.133352143216332,21.0848251714291,1.42479465175022E+016,1.52294173562413,1152.92628833948,3.2777781119942,8.10273540583149E-20,True
0.133352143216332,28.1170662595175,1.06844525883534E+016,2.03087544439079,864.572747412941,4.37098736222011,1.92146136853225E-19,True
0.133352143216332,37.4947104666228,8012209125893407,2.70821593114933,648.338096831617,5.82880532723554,4.55650296578204E-19,True
0.133352143216332,50,6008309227468124,3.61146398711378,486.184984503654,7.77283682777636,1.08051713228249E-18,True
0.177827941003892,0.05,6.88593315619895E+018,0.003503687742281,557201.232176019,0.007315832632067,7.74274248196532E-28,True
0.177827941003892,0.066676071608166,5.16372139968395E+018,0.00467224269594,417841.977441706,0.009755819608982,1.8360935931442E-27,True
0.177827941003892,0.088913970501946,3.87224477622908E+018,0.006230535771304,313337.279299558,0.013009594536896,4.35406406791599E-27,True
0.177827941003892,0.118568685283083,2.90377393481204E+018,0.008308552984895,234969.811314725,0.017348573138706,1.03251130434222E-26,True
0.177827941003892,0.158113883008419,2.17752325892607E+018,0.011079633475622,176202.500872852,0.023134694097917,2.44847015791556E-26,True
0.177827941003892,0.210848251714291,1.6329120825554E+018,0.014774928700256,132133.235074449,0.030850610406115,5.8062377515782E-26,True
0.177827941003892,0.281170662595174,1.22451131505729E+018,0.019702684080476,99085.9478426932,0.041139950171875,1.37687595329126E-25,True
0.177827941003892,0.374947104666228,9.18253944423534E+017,0.026273951492458,74303.9785134534,0.054861005272327,3.26508743159272E-25,True
0.177827941003892,0.5,6.88593315619895E+017,0.035036877422812,55720.1232176019,0.073158326320673,7.74274248196532E-25,True
0.177827941003892,0.666760716081662,5.16372139968395E+017,0.046722426959399,41784.1977441706,0.097558196089815,1.8360935931442E-24,True
0.177827941003892,0.889139705019461,3.87224477622908E+017,0.062305357713045,31333.7279299558,0.130095945368961,4.35406406791599E-24,True
0.177827941003892,1.58113883008419,2.17752325892607E+017,0.110796334756217,17620.2500872852,0.231346940979172,2.44847015791556E-23,True
0.177827941003892,2.10848251714291,1.6329120825554E+017,0.147749287002557,13213.3235074449,0.308506104061149,5.8062377515782E-23,True
0.177827941003892,2.81170662595175,1.22451131505729E+017,0.19702684080476,9908.59478426932,0.411399501718751,1.37687595329126E-22,True
0.177827941003892,3.74947104666228,9.18253944423534E+016,0.262739514924579,7430.39785134534,0.548610052723266,3.26508743159272E-22,True
0.177827941003892,5,6.88593315619895E+016,0.350368774228122,5572.01232176019,0.731583263206727,7.74274248196531E-22,True
0.177827941003892,6.66760716081662,5.16372139968395E+016,0.467224269593993,4178.41977441706,0.975581960898152,1.8360935931442E-21,True
0.177827941003892,8.89139705019461,3.87224477622908E+016,0.623053577130445,3133.37279299558,1.30095945368961,4.35406406791599E-21,True
0.177827941003892,11.8568685283083,2.90377393481204E+016,0.830855298489472,2349.69811314725,1.73485731387058,1.03251130434222E-20,True
0.177827941003892,15.8113883008419,2.17752325892607E+016,1.10796334756217,1762.02500872852,2.31346940979172,2.44847015791556E-20,True
0.177827941003892,21.0848251714291,1.6329120825554E+016,1.47749287002557,1321.33235074449,3.08506104061149,5.8062377515782E-20,True
0.177827941003892,28.1170662595175,1.22451131505729E+016,1.9702684080476,990.859478426932,4.11399501718751,1.37687595329126E-19,True
0.177827941003892,37.4947104666228,9.18253944423534E+015,2.62739514924579,743.039785134534,5.48610052723266,3.26508743159272E-19,True
0.177827941003892,50,6885933156198949,3.50368774228122,557.201232176019,7.31583263206727,7.74274248196531E-19,True
0.237137370566166,0.05,7.89175018071115E+018,0.003399127843781,638590.707311613,0.006885698013004,5.54827492789418E-28,True
0.237137370566166,0.066676071608166,5.91797776201365E+018,0.004532809830345,478875.473546496,0.009182225875745,1.31570332757901E-27,True
0.237137370566166,0.088913970501946,4.43785725469228E+018,0.006044599056686,359105.944603855,0.01224469500027,3.1200242754724E-27,True
0.237137370566166,0.118568685283083,3.32792345713777E+018,0.008060602390925,269291.468395292,0.016328563213163,7.39874352788131E-27,True
0.237137370566166,0.158113883008419,2.49559052960926E+018,0.010748986044446,201940.112772264,0.021774489001187,1.75451858569521E-26,True
0.237137370566166,0.210848251714291,1.8714288870189E+018,0.014334003264293,151433.721199864,0.029036747757487,4.16061924021229E-26,True
0.237137370566166,0.281170662595174,1.40337368555296E+018,0.019114700561634,113559.270625443,0.03872112545493,9.8663830655094E-26,True
0.237137370566166,0.374947104666228,1.05238180032571E+018,0.025489862868323,85157.4394580372,0.051635450671634,2.33968813715344E-25,True
0.237137370566166,0.5,7.89175018071115E+017,0.033991278437812,63859.0707311613,0.068856980130035,5.54827492789418E-25,True
0.237137370566166,0.666760716081662,5.91797776201365E+017,0.045328098303454,47887.5473546496,0.091822258757446,1.31570332757901E-24,True
0.237137370566166,1.18568685283083,3.32792345713777E+017,0.080606023909252,26929.1468395292,0.163285632131633,7.39874352788131E-24,True
0.237137370566166,1.58113883008419,2.49559052960926E+017,0.107489860444457,20194.0112772264,0.217744890011869,1.75451858569521E-23,True
0.237137370566166,2.10848251714291,1.8714288870189E+017,0.143340032642928,15143.3721199864,0.290367477574872,4.16061924021229E-23,True
0.237137370566166,2.81170662595175,1.40337368555296E+017,0.191147005616335,11355.9270625443,0.387211254549296,9.86638306550941E-23,True
0.237137370566166,3.74947104666228,1.05238180032571E+017,0.254898628683226,8515.74394580372,0.516354506716334,2.33968813715344E-22,True
0.237137370566166,5,7.89175018071115E+016,0.339912784378123,6385.90707311613,0.688569801300353,5.54827492789418E-22,True
0.237137370566166,6.66760716081662,5.91797776201365E+016,0.453280983034538,4788.75473546496,0.918222587574462,1.31570332757901E-21,True
0.237137370566166,8.89139705019461,4.43785725469228E+016,0.604459905668616,3591.05944603855,1.22446950002701,3.1200242754724E-21,True
0.237137370566166,11.8568685283083,3.32792345713777E+016,0.806060239092521,2692.91468395292,1.63285632131633,7.3987435278813E-21,True
0.237137370566166,15.8113883008419,2.49559052960926E+016,1.07489860444457,2019.40112772264,2.17744890011869,1.75451858569521E-20,True
0.237137370566166,21.0848251714291,1.8714288870189E+016,1.43340032642928,1514.33721199864,2.90367477574873,4.16061924021229E-20,True
0.237137370566166,28.1170662595175,1.40337368555296E+016,1.91147005616335,1135.59270625443,3.87211254549296,9.8663830655094E-20,True
0.237137370566166,37.4947104666228,1.05238180032571E+016,2.54898628683226,851.574394580372,5.16354506716334,2.33968813715344E-19,True
0.237137370566166,50,7891750180711147,3.39912784378123,638.590707311613,6.88569801300353,5.54827492789418E-19,True
0.316227766016838,0.05,9.04448525741034E+018,0.003297688306791,731868.610326266,0.006480853172947,3.97576888902102E-28,True
0.316227766016838,0.066676071608166,6.78240712092478E+018,0.004397538033701,548824.032875858,0.008642356604828,9.4280338032121E-28,True
0.316227766016838,0.088913970501946,5.08608782531671E+018,0.005864211216693,411559.964196091,0.011524767756937,2.23573914570264E-27,True
0.316227766016838,0.118568685283083,3.8140278083613E+018,0.007820051340193,308626.433943722,0.01536852480458,5.3017730228377E-27,True
0.316227766016838,0.158113883008419,2.8601173677231E+018,0.010428206062765,231437.175661323,0.020494257207641,1.25724851397436E-26,True
0.316227766016838,0.210848251714291,2.14478545206674E+018,0.013906236283712,173553.397852684,0.027329531222657,2.98140606752099E-26,True
0.316227766016838,0.281170662595174,1.60836219076534E+018,0.018544264125058,130146.6880597,0.03644451561639,7.0700279544194E-26,True
0.316227766016838,0.374947104666228,1.20610149336419E+018,0.024729173654462,97596.2477397664,0.048599542659267,1.6765678389403E-25,True
0.316227766016838,0.5,9.04448525741034E+017,0.032976883067913,73186.8610326266,0.064808531729468,3.97576888902102E-25,True
0.316227766016838,0.889139705019461,5.08608782531671E+017,0.058642112166931,41155.9964196091,0.115247677569367,2.23573914570264E-24,True
0.316227766016838,1.18568685283083,3.8140278083613E+017,0.078200513401928,30862.6433943722,0.153685248045799,5.3017730228377E-24,True
0.316227766016838,1.58113883008419,2.8601173677231E+017,0.104282060627647,23143.7175661323,0.20494257207641,1.25724851397436E-23,True
0.316227766016838,2.10848251714291,2.14478545206674E+017,0.139062362837122,17355.3397852684,0.273295312226569,2.98140606752099E-23,True
0.316227766016838,2.81170662595175,1.60836219076534E+017,0.185442641250575,13014.66880597,0.364445156163897,7.07002795441941E-23,True
0.316227766016838,3.74947104666228,1.20610149336419E+017,0.247291736544616,9759.62477397664,0.485995426592666,1.6765678389403E-22,True
0.316227766016838,5,9.04448525741034E+016,0.329768830679132,7318.68610326266,0.648085317294678,3.97576888902102E-22,True
0.316227766016838,6.66760716081662,6.78240712092478E+016,0.439753803370061,5488.24032875858,0.864235660482821,9.4280338032121E-22,True
0.316227766016838,8.89139705019461,5.08608782531671E+016,0.586421121669312,4115.59964196091,1.15247677569367,2.23573914570264E-21,True
0.316227766016838,11.8568685283083,3.8140278083613E+016,0.782005134019284,3086.26433943722,1.53685248045799,5.3017730228377E-21,True
0.316227766016838,15.8113883008419,2.8601173677231E+016,1.04282060627647,2314.37175661323,2.04942572076409,1.25724851397436E-20,True
0.316227766016838,28.1170662595175,1.60836219076534E+016,1.85442641250575,1301.466880597,3.64445156163897,7.0700279544194E-20,True
0.316227766016838,37.4947104666228,1.20610149336419E+016,2.47291736544616,975.962477397664,4.85995426592666,1.6765678389403E-19,True
0.316227766016838,50,9.04448525741034E+015,3.29768830679132,731.868610326266,6.48085317294678,3.97576888902102E-19,True
0.421696503428582,0.05,1.03655984665421E+019,0.003199276010946,838771.464489112,0.006099811198513,2.84894646792617E-28,True
0.421696503428582,0.066676071608166,7.77310226632532E+018,0.004266303128003,628989.864173689,0.008134228965366,6.75591674287777E-28,True
0.421696503428582,0.088913970501946,5.82900437806634E+018,0.005689206657297,471675.856872657,0.01084716865944,1.60208033216997E-27,True
0.421696503428582,0.118568685283083,4.37113662928548E+018,0.007586679009512,353706.99375073,0.014464931885653,3.79913117406555E-27,True
0.421696503428582,0.158113883008419,3.27789004650217E+018,0.010116999058128,265242.826414063,0.019289296684301,9.00915977053855E-27,True
0.421696503428582,0.210848251714291,2.45807076470048E+018,0.013491235073189,198904.05959488,0.025722690539872,2.13640845899599E-26,True
0.421696503428582,0.281170662595174,1.84329303257829E+018,0.017990851116451,149157.002502918,0.034301759127825,5.06622284421623E-26,True
0.421696503428582,0.374947104666228,1.38227477123332E+018,0.023991185546647,111851.972458325,0.045742130957858,1.20139076397968E-25,True
0.421696503428582,0.666760716081662,7.77310226632532E+017,0.042663031280026,62898.9864173689,0.081342289653663,6.75591674287777E-25,True
0.421696503428582,0.889139705019461,5.82900437806634E+017,0.056892066572969,47167.5856872657,0.108471686594397,1.60208033216997E-24,True
0.421696503428582,1.18568685283083,4.37113662928548E+017,0.075866790095117,35370.699375073,0.144649318856531,3.79913117406555E-24,True
0.421696503428582,1.58113883008419,3.27789004650218E+017,0.101169990581274,26524.2826414063,0.19289296684301,9.00915977053854E-24,True
0.421696503428582,2.10848251714291,2.45807076470048E+017,0.134912350731891,19890.405959488,0.257226905398724,2.13640845899599E-23,True
0.421696503428582,2.81170662595175,1.84329303257829E+017,0.179908511164512,14915.7002502918,0.343017591278246,5.06622284421623E-23,True
0.421696503428582,3.74947104666228,1.38227477123332E+017,0.239911855466471,11185.1972458325,0.45742130957858,1.20139076397968E-22,True
0.421696503428582,5,1.03655984665421E+017,0.319927601094609,8387.71464489112,0.609981119851252,2.84894646792617E-22,True
0.421696503428582,6.66760716081662,7.77310226632532E+016,0.426630312800259,6289.89864173689,0.813422896536629,6.75591674287777E-22,True
0.421696503428582,8.89139705019461,5.82900437806635E+016,0.568920665729689,4716.75856872657,1.08471686594397,1.60208033216997E-21,True
0.421696503428582,11.8568685283083,4.37113662928549E+016,0.758667900951166,3537.0699375073,1.44649318856531,3.79913117406555E-21,True
0.421696503428582,15.8113883008419,3.27789004650217E+016,1.01169990581274,2652.42826414063,1.9289296684301,9.00915977053855E-21,True
0.421696503428582,21.0848251714291,2.45807076470047E+016,1.34912350731891,1989.0405959488,2.57226905398724,2.13640845899599E-20,True
0.421696503428582,28.1170662595175,1.84329303257829E+016,1.79908511164512,1491.57002502918,3.43017591278246,5.06622284421623E-20,True
0.421696503428582,37.4947104666228,1.38227477123332E+016,2.39911855466471,1118.51972458325,4.5742130957858,1.20139076397968E-19,True
0.421696503428582,50,1.03655984665421E+016,3.19927601094609,838.771464489112,6.09981119851252,2.84894646792617E-19,True
0.562341325190349,0.05,1.18796845272701E+019,0.003103800614854,961289.444190773,0.005741172599437,2.04149089237116E-28,True
0.562341325190349,0.066676071608166,8.90850663569624E+018,0.004138984641069,720865.387691076,0.007655976707099,4.84113782251671E-28,True
0.562341325190349,0.088913970501946,6.68043753990836E+018,0.005519424726261,540572.779937733,0.010209409023059,1.14801469378003E-27,True
0.562341325190349,0.118568685283083,5.00962142698444E+018,0.007360271165681,405372.397398054,0.013614465741971,2.72237185854317E-27,True
0.562341325190349,0.158113883008419,3.75668609904343E+018,0.009815079345969,303986.413432016,0.018155181854372,6.45576104238252E-27,True
0.562341325190349,0.210848251714291,2.8171171519524E+018,0.013088618666233,227957.651148411,0.024210324107627,1.53090219859408E-26,True
0.562341325190349,0.281170662595174,2.11253983926024E+018,0.017453953508835,170944.122569221,0.032284986077141,3.63034121968562E-26,True
0.562341325190349,0.5,1.18796845272701E+018,0.031038006148538,96128.9444190773,0.057411725994374,2.04149089237116E-25,True
0.562341325190349,0.666760716081662,8.90850663569624E+017,0.041389846410693,72086.5387691076,0.076559767070986,4.84113782251671E-25,True
0.562341325190349,0.889139705019461,6.68043753990836E+017,0.055194247262607,54057.2779937733,0.102094090230591,1.14801469378003E-24,True
0.562341325190349,1.18568685283083,5.00962142698444E+017,0.073602711656808,40537.2397398054,0.136144657419709,2.72237185854317E-24,True
0.562341325190349,1.58113883008419,3.75668609904343E+017,0.098150793459691,30398.6413432016,0.181551818543716,6.45576104238252E-24,True
0.562341325190349,2.10848251714291,2.8171171519524E+017,0.130886186662334,22795.7651148411,0.242103241076272,1.53090219859408E-23,True
0.562341325190349,2.81170662595175,2.11253983926024E+017,0.174539535088351,17094.4122569221,0.322849860771413,3.63034121968562E-23,True
0.562341325190349,3.74947104666228,1.58418139244537E+017,0.232752210800139,12819.0007634077,0.430527208709624,8.60889571094214E-23,True
0.562341325190349,5,1.18796845272701E+017,0.310380061485381,9612.89444190773,0.574117259943736,2.04149089237116E-22,True
0.562341325190349,6.66760716081662,8.90850663569623E+016,0.413898464106926,7208.65387691076,0.765597670709855,4.84113782251671E-22,True
0.562341325190349,8.89139705019461,6.68043753990836E+016,0.551942472626068,5405.72779937733,1.02094090230591,1.14801469378003E-21,True
0.562341325190349,11.8568685283083,5.00962142698444E+016,0.73602711656808,4053.72397398054,1.36144657419709,2.72237185854317E-21,True
0.562341325190349,15.8113883008419,3.75668609904343E+016,0.981507934596908,3039.86413432016,1.81551818543716,6.45576104238252E-21,True
0.562341325190349,21.0848251714291,2.8171171519524E+016,1.30886186662334,2279.57651148411,2.42103241076272,1.53090219859408E-20,True
0.562341325190349,37.4947104666228,1.58418139244537E+016,2.32752210800139,1281.90007634077,4.30527208709624,8.60889571094213E-20,True
0.562341325190349,50,1.18796845272701E+016,3.10380061485381,961.289444190773,5.74117259943736,2.04149089237116E-19,True
0.749894209332456,0.05,1.36149306692699E+019,0.003011174473164,1101703.42534894,0.005403620168534,1.46288640750353E-28,True
0.749894209332456,0.066676071608166,1.02097576693483E+019,0.004015465695947,826161.019070905,0.00720584330601,3.46905036112371E-28,True
0.749894209332456,0.088913970501946,7.65623815493195E+018,0.005354709565662,619533.364177472,0.009609146485375,8.22641480998484E-28,True
0.749894209332456,0.118568685283083,5.74136865765367E+018,0.007140619968821,464584.482284942,0.012814002783044,1.95079037722637E-27,True
0.749894209332456,0.158113883008419,4.30541911001735E+018,0.009522169767356,348389.213011195,0.01708774734299,4.62605300581239E-27,True
0.749894209332456,0.210848251714291,3.2286088593513E+018,0.012698017465467,261255.053430987,0.022786877309269,1.09701004589806E-26,True
0.749894209332456,0.374947104666228,1.81558018448891E+018,0.022580623007154,146914.512959056,0.040521434738155,6.16894082957439E-26,True
0.749894209332456,0.5,1.36149306692699E+018,0.03011174473164,110170.342534894,0.054036201685338,1.46288640750353E-25,True
0.749894209332456,0.666760716081662,1.02097576693483E+018,0.040154656959473,82616.1019070905,0.072058433060098,3.46905036112371E-25,True
0.749894209332456,0.889139705019461,7.65623815493195E+017,0.053547095656624,61953.3364177472,0.096091464853747,8.22641480998484E-25,True
0.749894209332456,1.18568685283083,5.74136865765367E+017,0.071406199688208,46458.4482284942,0.12814002783044,1.95079037722637E-24,True
0.749894209332456,1.58113883008419,4.30541911001735E+017,0.095221697673559,34838.9213011195,0.170877473429896,4.62605300581238E-24,True
0.749894209332456,2.10848251714291,3.2286088593513E+017,0.126980174654667,26125.5053430987,0.227868773092686,1.09701004589806E-23,True
0.749894209332456,2.81170662595175,2.42111508782701E+017,0.169330784361841,19591.3651726738,0.303867892639857,2.60142077768934E-23,True
0.749894209332456,3.74947104666228,1.81558018448891E+017,0.225806230071541,14691.4512959056,0.405214347381554,6.16894082957438E-23,True
0.749894209332456,5,1.36149306692699E+017,0.301117447316402,11017.0342534894,0.540362016853376,1.46288640750353E-22,True
0.749894209332456,6.66760716081662,1.02097576693483E+017,0.401546569594733,8261.61019070905,0.720584330600977,3.46905036112371E-22,True
0.749894209332456,8.89139705019461,7.65623815493195E+016,0.535470956566238,6195.33364177472,0.960914648537465,8.22641480998484E-22,True
0.749894209332456,11.8568685283083,5.74136865765367E+016,0.714061996882075,4645.84482284942,1.2814002783044,1.95079037722637E-21,True
0.749894209332456,15.8113883008419,4.30541911001735E+016,0.952216976735588,3483.89213011195,1.70877473429896,4.62605300581239E-21,True
0.749894209332456,21.0848251714291,3.2286088593513E+016,1.26980174654667,2612.55053430987,2.27868773092685,1.09701004589806E-20,True
0.749894209332456,28.1170662595175,2.42111508782701E+016,1.69330784361841,1959.13651726738,3.03867892639857,2.60142077768934E-20,True
0.749894209332456,37.4947104666228,1.81558018448891E+016,2.25806230071541,1469.14512959056,4.05214347381554,6.16894082957438E-20,True
0.749894209332456,50,1.36149306692699E+016,3.01117447316402,1101.70342534894,5.40362016853376,1.46288640750353E-19,True
1,0.05,1.56036413848796E+019,0.00292131255611,1262627.44770629,0.005085914143854,1.04827146143815E-28,True
1,0.066676071608166,1.17010803190215E+019,0.003895632903621,946837.011579168,0.006782175512972,2.48584338004994E-28,True
1,0.088913970501946,8.77457237416815E+018,0.005194909968819,710027.592164866,0.009044176403241,5.89486362784352E-28,True
1,0.118568685283083,6.58000101275723E+018,0.006927523781579,532445.579830699,0.012060603069988,1.39789246055294E-27,True
1,0.158113883008419,4.93430465686835E+018,0.009238001434556,399277.857099703,0.016083072678644,3.31492542429791E-27,True
1,0.281170662595174,2.77476341963626E+018,0.016427747740982,224530.43928061,0.028600196994591,1.86411955600687E-26,True
1,0.374947104666228,2.08077902065275E+018,0.021906753694772,168374.076235402,0.038138975656381,4.42052409932437E-26,True
1,0.5,1.56036413848796E+018,0.029213125561101,126262.744770629,0.050859141438539,1.04827146143815E-25,True
1,0.666760716081662,1.17010803190215E+018,0.038956329036206,94683.7011579168,0.067821755129718,2.48584338004994E-25,True
1,0.889139705019461,8.77457237416815E+017,0.051949099688187,71002.7592164865,0.090441764032411,5.89486362784352E-25,True
1,1.18568685283083,6.58000101275723E+017,0.069275237815787,53244.5579830699,0.120606030699878,1.39789246055294E-24,True
1,1.58113883008419,4.93430465686835E+017,0.092380014345563,39927.7857099703,0.160830726786435,3.31492542429791E-24,True
1,2.10848251714291,3.70020648926774E+017,0.123190729033364,29941.6152953739,0.214471221120116,7.86092698740938E-24,True
1,2.81170662595175,2.77476341963626E+017,0.164277477409815,22453.043928061,0.286001969945914,1.86411955600687E-23,True
1,3.74947104666228,2.08077902065275E+017,0.219067536947715,16837.4076235402,0.381389756563806,4.42052409932437E-23,True
1,5,1.56036413848796E+017,0.292131255611008,12626.2744770629,0.508591414385389,1.04827146143815E-22,True
1,6.66760716081662,1.17010803190215E+017,0.389563290362062,9468.37011579168,0.678217551297174,2.48584338004994E-22,True
1,8.89139705019461,8.77457237416815E+016,0.519490996881874,7100.27592164866,0.90441764032411,5.89486362784351E-22,True
1,11.8568685283083,6.58000101275723E+016,0.692752378157869,5324.45579830699,1.20606030699878,1.39789246055294E-21,True
1,15.8113883008419,4.93430465686834E+016,0.923800143455631,3992.77857099703,1.60830726786435,3.31492542429791E-21,True
1,21.0848251714291,3.70020648926774E+016,1.23190729033364,2994.16152953739,2.14471221120116,7.86092698740938E-21,True
1,28.1170662595175,2.77476341963626E+016,1.64277477409815,2245.3043928061,2.86001969945914,1.86411955600687E-20,True
1,37.4947104666228,2.08077902065275E+016,2.19067536947715,1683.74076235402,3.81389756563806,4.42052409932437E-20,True
1,50,1.56036413848796E+016,2.92131255611008,1262.62744770629,5.08591414385389,1.04827146143815E-19,True
